-- MySQL dump 10.13  Distrib 8.3.0, for macos14 (arm64)
--
-- Host: localhost    Database: movie
-- ------------------------------------------------------
-- Server version	8.3.0

/*!40101 SET @OLD_CHARACTER_SET_CLIENT=@@CHARACTER_SET_CLIENT */;
/*!40101 SET @OLD_CHARACTER_SET_RESULTS=@@CHARACTER_SET_RESULTS */;
/*!40101 SET @OLD_COLLATION_CONNECTION=@@COLLATION_CONNECTION */;
/*!50503 SET NAMES utf8mb4 */;
/*!40103 SET @OLD_TIME_ZONE=@@TIME_ZONE */;
/*!40103 SET TIME_ZONE='+00:00' */;
/*!40014 SET @OLD_UNIQUE_CHECKS=@@UNIQUE_CHECKS, UNIQUE_CHECKS=0 */;
/*!40014 SET @OLD_FOREIGN_KEY_CHECKS=@@FOREIGN_KEY_CHECKS, FOREIGN_KEY_CHECKS=0 */;
/*!40101 SET @OLD_SQL_MODE=@@SQL_MODE, SQL_MODE='NO_AUTO_VALUE_ON_ZERO' */;
/*!40111 SET @OLD_SQL_NOTES=@@SQL_NOTES, SQL_NOTES=0 */;

--
-- Current Database: `movie`
--

CREATE DATABASE /*!32312 IF NOT EXISTS*/ `movie` /*!40100 DEFAULT CHARACTER SET utf8mb4 COLLATE utf8mb4_0900_ai_ci */ /*!80016 DEFAULT ENCRYPTION='N' */;

USE `movie`;

--
-- Table structure for table `ACTOR`
--

DROP TABLE IF EXISTS `ACTOR`;
/*!40101 SET @saved_cs_client     = @@character_set_client */;
/*!50503 SET character_set_client = utf8mb4 */;
CREATE TABLE `ACTOR` (
  `ACT_ID` int NOT NULL,
  `ACT_NAME` varchar(20) DEFAULT NULL,
  `ACT_GENDER` char(1) DEFAULT NULL,
  PRIMARY KEY (`ACT_ID`)
) ENGINE=InnoDB DEFAULT CHARSET=utf8mb4 COLLATE=utf8mb4_0900_ai_ci;
/*!40101 SET character_set_client = @saved_cs_client */;

--
-- Dumping data for table `ACTOR`
--

LOCK TABLES `ACTOR` WRITE;
/*!40000 ALTER TABLE `ACTOR` DISABLE KEYS */;
INSERT INTO `ACTOR` VALUES (1,'MADHURI DIXIT','F'),(2,'AMIRKHAN','M'),(3,'JUHI','F'),(4,'SHREEDEVI','F');
/*!40000 ALTER TABLE `ACTOR` ENABLE KEYS */;
UNLOCK TABLES;

--
-- Table structure for table `DIRECTOR`
--

DROP TABLE IF EXISTS `DIRECTOR`;
/*!40101 SET @saved_cs_client     = @@character_set_client */;
/*!50503 SET character_set_client = utf8mb4 */;
CREATE TABLE `DIRECTOR` (
  `DIR_ID` int NOT NULL,
  `DIR_NAME` varchar(20) DEFAULT NULL,
  `DIR_PHONE` bigint DEFAULT NULL,
  PRIMARY KEY (`DIR_ID`)
) ENGINE=InnoDB DEFAULT CHARSET=utf8mb4 COLLATE=utf8mb4_0900_ai_ci;
/*!40101 SET character_set_client = @saved_cs_client */;

--
-- Dumping data for table `DIRECTOR`
--

LOCK TABLES `DIRECTOR` WRITE;
/*!40000 ALTER TABLE `DIRECTOR` DISABLE KEYS */;
INSERT INTO `DIRECTOR` VALUES (100,'SUBHASH KAPOOR',9971960035),(102,'ALAN TAYLOR',9971960035),(103,'SANTOOSH ANAND RAM',993511123),(104,'IMTIAZ ALI',9976666035),(105,'HITCHCOCK',7766138911),(106,'STEVEN SPIELBERG',9966138934);
/*!40000 ALTER TABLE `DIRECTOR` ENABLE KEYS */;
UNLOCK TABLES;

--
-- Table structure for table `MOVIES`
--

DROP TABLE IF EXISTS `MOVIES`;
/*!40101 SET @saved_cs_client     = @@character_set_client */;
/*!50503 SET character_set_client = utf8mb4 */;
CREATE TABLE `MOVIES` (
  `MOV_ID` int NOT NULL,
  `MOV_TITLE` varchar(50) DEFAULT NULL,
  `MOV_YEAR` int DEFAULT NULL,
  `MOV_LANG` varchar(20) DEFAULT NULL,
  `DIR_ID` int DEFAULT NULL,
  PRIMARY KEY (`MOV_ID`),
  KEY `DIR_ID` (`DIR_ID`),
  CONSTRAINT `movies_ibfk_1` FOREIGN KEY (`DIR_ID`) REFERENCES `DIRECTOR` (`DIR_ID`)
) ENGINE=InnoDB DEFAULT CHARSET=utf8mb4 COLLATE=utf8mb4_0900_ai_ci;
/*!40101 SET character_set_client = @saved_cs_client */;

--
-- Dumping data for table `MOVIES`
--

LOCK TABLES `MOVIES` WRITE;
/*!40000 ALTER TABLE `MOVIES` DISABLE KEYS */;
INSERT INTO `MOVIES` VALUES (501,'JAB HARRY MET SEJAL',2017,'HINDI',104),(502,'RAJAKUMARA',2017,'KANNADA',103),(503,'JOLLY LLB 2',2013,'HINDI',100),(504,'TERMINATOR GENESYS',2015,'ENGLISH',102),(505,'JAWS',1975,'ENGLISH',106),(506,'BRIDGE OF SPIES',2015,'ENGLISH',106),(507,'VERTIGO',1943,'ENGLISH',105),(508,'SHADOW OF A DOUBT',1943,'ENGLISH',105);
/*!40000 ALTER TABLE `MOVIES` ENABLE KEYS */;
UNLOCK TABLES;

--
-- Table structure for table `MOVIES_CAST`
--

DROP TABLE IF EXISTS `MOVIES_CAST`;
/*!40101 SET @saved_cs_client     = @@character_set_client */;
/*!50503 SET character_set_client = utf8mb4 */;
CREATE TABLE `MOVIES_CAST` (
  `ACT_ID` int NOT NULL,
  `MOV_ID` int NOT NULL,
  `ROLE` varchar(20) DEFAULT NULL,
  PRIMARY KEY (`ACT_ID`,`MOV_ID`),
  KEY `MOV_ID` (`MOV_ID`),
  CONSTRAINT `movies_cast_ibfk_1` FOREIGN KEY (`ACT_ID`) REFERENCES `ACTOR` (`ACT_ID`),
  CONSTRAINT `movies_cast_ibfk_2` FOREIGN KEY (`MOV_ID`) REFERENCES `MOVIES` (`MOV_ID`)
) ENGINE=InnoDB DEFAULT CHARSET=utf8mb4 COLLATE=utf8mb4_0900_ai_ci;
/*!40101 SET character_set_client = @saved_cs_client */;

--
-- Dumping data for table `MOVIES_CAST`
--

LOCK TABLES `MOVIES_CAST` WRITE;
/*!40000 ALTER TABLE `MOVIES_CAST` DISABLE KEYS */;
INSERT INTO `MOVIES_CAST` VALUES (1,501,'HEROINE'),(1,502,'HEROINE'),(3,503,'COMEDIAN'),(4,501,'HERO'),(4,504,'GUEST');
/*!40000 ALTER TABLE `MOVIES_CAST` ENABLE KEYS */;
UNLOCK TABLES;

--
-- Table structure for table `RATING`
--

DROP TABLE IF EXISTS `RATING`;
/*!40101 SET @saved_cs_client     = @@character_set_client */;
/*!50503 SET character_set_client = utf8mb4 */;
CREATE TABLE `RATING` (
  `MOV_ID` int NOT NULL,
  `REV_STARS` varchar(25) DEFAULT NULL,
  PRIMARY KEY (`MOV_ID`),
  CONSTRAINT `rating_ibfk_1` FOREIGN KEY (`MOV_ID`) REFERENCES `MOVIES` (`MOV_ID`)
) ENGINE=InnoDB DEFAULT CHARSET=utf8mb4 COLLATE=utf8mb4_0900_ai_ci;
/*!40101 SET character_set_client = @saved_cs_client */;

--
-- Dumping data for table `RATING`
--

LOCK TABLES `RATING` WRITE;
/*!40000 ALTER TABLE `RATING` DISABLE KEYS */;
INSERT INTO `RATING` VALUES (501,'4'),(502,'2'),(503,'5'),(504,'4'),(505,'3'),(506,'2');
/*!40000 ALTER TABLE `RATING` ENABLE KEYS */;
UNLOCK TABLES;
/*!40103 SET TIME_ZONE=@OLD_TIME_ZONE */;

/*!40101 SET SQL_MODE=@OLD_SQL_MODE */;
/*!40014 SET FOREIGN_KEY_CHECKS=@OLD_FOREIGN_KEY_CHECKS */;
/*!40014 SET UNIQUE_CHECKS=@OLD_UNIQUE_CHECKS */;
/*!40101 SET CHARACTER_SET_CLIENT=@OLD_CHARACTER_SET_CLIENT */;
/*!40101 SET CHARACTER_SET_RESULTS=@OLD_CHARACTER_SET_RESULTS */;
/*!40101 SET COLLATION_CONNECTION=@OLD_COLLATION_CONNECTION */;
/*!40111 SET SQL_NOTES=@OLD_SQL_NOTES */;

-- Dump completed on 2024-03-23 14:07:21
