-- MySQL dump 10.13  Distrib 8.3.0, for macos14 (arm64)
--
-- Host: localhost    Database: salesman
-- ------------------------------------------------------
-- Server version	8.3.0

/*!40101 SET @OLD_CHARACTER_SET_CLIENT=@@CHARACTER_SET_CLIENT */;
/*!40101 SET @OLD_CHARACTER_SET_RESULTS=@@CHARACTER_SET_RESULTS */;
/*!40101 SET @OLD_COLLATION_CONNECTION=@@COLLATION_CONNECTION */;
/*!50503 SET NAMES utf8mb4 */;
/*!40103 SET @OLD_TIME_ZONE=@@TIME_ZONE */;
/*!40103 SET TIME_ZONE='+00:00' */;
/*!40014 SET @OLD_UNIQUE_CHECKS=@@UNIQUE_CHECKS, UNIQUE_CHECKS=0 */;
/*!40014 SET @OLD_FOREIGN_KEY_CHECKS=@@FOREIGN_KEY_CHECKS, FOREIGN_KEY_CHECKS=0 */;
/*!40101 SET @OLD_SQL_MODE=@@SQL_MODE, SQL_MODE='NO_AUTO_VALUE_ON_ZERO' */;
/*!40111 SET @OLD_SQL_NOTES=@@SQL_NOTES, SQL_NOTES=0 */;

--
-- Current Database: `salesman`
--

CREATE DATABASE /*!32312 IF NOT EXISTS*/ `salesman` /*!40100 DEFAULT CHARACTER SET utf8mb4 COLLATE utf8mb4_0900_ai_ci */ /*!80016 DEFAULT ENCRYPTION='N' */;

USE `salesman`;

--
-- Table structure for table `CUSTOMER`
--

DROP TABLE IF EXISTS `CUSTOMER`;
/*!40101 SET @saved_cs_client     = @@character_set_client */;
/*!50503 SET character_set_client = utf8mb4 */;
CREATE TABLE `CUSTOMER` (
  `CUSTOMER_ID` int NOT NULL,
  `CUST_NAME` varchar(20) DEFAULT NULL,
  `CITY` varchar(20) DEFAULT NULL,
  `GRADE` int DEFAULT NULL,
  `SALESMAN_ID` int DEFAULT NULL,
  PRIMARY KEY (`CUSTOMER_ID`),
  KEY `SALESMAN_ID` (`SALESMAN_ID`),
  CONSTRAINT `customer_ibfk_1` FOREIGN KEY (`SALESMAN_ID`) REFERENCES `SALESMAN` (`SALESMAN_ID`) ON DELETE SET NULL
) ENGINE=InnoDB DEFAULT CHARSET=utf8mb4 COLLATE=utf8mb4_0900_ai_ci;
/*!40101 SET character_set_client = @saved_cs_client */;

--
-- Dumping data for table `CUSTOMER`
--

LOCK TABLES `CUSTOMER` WRITE;
/*!40000 ALTER TABLE `CUSTOMER` DISABLE KEYS */;
INSERT INTO `CUSTOMER` VALUES (501,'SMITH','LOS ANGELES',10,103),(510,'BROWN','ATLANTA',14,122),(522,'LEWIS','BANGALORE',10,132),(534,'PHILIPS','BOSTON',17,103),(543,'EDWARD','BANGALORE',14,110),(550,'PARKER','ATLANTA',19,126);
/*!40000 ALTER TABLE `CUSTOMER` ENABLE KEYS */;
UNLOCK TABLES;

--
-- Table structure for table `ORDERS`
--

DROP TABLE IF EXISTS `ORDERS`;
/*!40101 SET @saved_cs_client     = @@character_set_client */;
/*!50503 SET character_set_client = utf8mb4 */;
CREATE TABLE `ORDERS` (
  `ORD_NO` int NOT NULL,
  `PURCHASE_AMT` decimal(10,2) DEFAULT NULL,
  `ORD_DATE` date DEFAULT NULL,
  `CUSTOMER_ID` int DEFAULT NULL,
  `SALESMAN_ID` int DEFAULT NULL,
  PRIMARY KEY (`ORD_NO`),
  KEY `CUSTOMER_ID` (`CUSTOMER_ID`),
  KEY `SALESMAN_ID` (`SALESMAN_ID`),
  CONSTRAINT `orders_ibfk_1` FOREIGN KEY (`CUSTOMER_ID`) REFERENCES `CUSTOMER` (`CUSTOMER_ID`) ON DELETE CASCADE,
  CONSTRAINT `orders_ibfk_2` FOREIGN KEY (`SALESMAN_ID`) REFERENCES `SALESMAN` (`SALESMAN_ID`) ON DELETE CASCADE
) ENGINE=InnoDB DEFAULT CHARSET=utf8mb4 COLLATE=utf8mb4_0900_ai_ci;
/*!40101 SET character_set_client = @saved_cs_client */;

--
-- Dumping data for table `ORDERS`
--

LOCK TABLES `ORDERS` WRITE;
/*!40000 ALTER TABLE `ORDERS` DISABLE KEYS */;
INSERT INTO `ORDERS` VALUES (1,1000.00,'2017-05-04',501,103),(2,4000.00,'2017-01-10',522,132),(3,2500.00,'2017-02-24',550,126),(5,6000.00,'2017-04-13',522,103),(6,7000.00,'2017-03-09',550,126),(7,3400.00,'2017-01-20',501,122);
/*!40000 ALTER TABLE `ORDERS` ENABLE KEYS */;
UNLOCK TABLES;

--
-- Table structure for table `SALESMAN`
--

DROP TABLE IF EXISTS `SALESMAN`;
/*!40101 SET @saved_cs_client     = @@character_set_client */;
/*!50503 SET character_set_client = utf8mb4 */;
CREATE TABLE `SALESMAN` (
  `SALESMAN_ID` int NOT NULL,
  `NAME` varchar(20) DEFAULT NULL,
  `CITY` varchar(20) DEFAULT NULL,
  `COMMISSION` varchar(20) DEFAULT NULL,
  PRIMARY KEY (`SALESMAN_ID`)
) ENGINE=InnoDB DEFAULT CHARSET=utf8mb4 COLLATE=utf8mb4_0900_ai_ci;
/*!40101 SET character_set_client = @saved_cs_client */;

--
-- Dumping data for table `SALESMAN`
--

LOCK TABLES `SALESMAN` WRITE;
/*!40000 ALTER TABLE `SALESMAN` DISABLE KEYS */;
INSERT INTO `SALESMAN` VALUES (103,'GEORGE','NEWYORK','32%'),(110,'CHARLES','BANGALORE','54%'),(122,'ROWLING','PHILADELPHIA','46%'),(126,'KURT','CHICAGO','52%'),(132,'EDWIN','PHOENIX','41%'),(1000,'RICHARD','LOS ANGELES','18%');
/*!40000 ALTER TABLE `SALESMAN` ENABLE KEYS */;
UNLOCK TABLES;
/*!40103 SET TIME_ZONE=@OLD_TIME_ZONE */;

/*!40101 SET SQL_MODE=@OLD_SQL_MODE */;
/*!40014 SET FOREIGN_KEY_CHECKS=@OLD_FOREIGN_KEY_CHECKS */;
/*!40014 SET UNIQUE_CHECKS=@OLD_UNIQUE_CHECKS */;
/*!40101 SET CHARACTER_SET_CLIENT=@OLD_CHARACTER_SET_CLIENT */;
/*!40101 SET CHARACTER_SET_RESULTS=@OLD_CHARACTER_SET_RESULTS */;
/*!40101 SET COLLATION_CONNECTION=@OLD_COLLATION_CONNECTION */;
/*!40111 SET SQL_NOTES=@OLD_SQL_NOTES */;

-- Dump completed on 2024-03-23 13:57:17
