-- MySQL dump 10.13  Distrib 8.3.0, for macos14 (arm64)
--
-- Host: localhost    Database: student
-- ------------------------------------------------------
-- Server version	8.3.0

/*!40101 SET @OLD_CHARACTER_SET_CLIENT=@@CHARACTER_SET_CLIENT */;
/*!40101 SET @OLD_CHARACTER_SET_RESULTS=@@CHARACTER_SET_RESULTS */;
/*!40101 SET @OLD_COLLATION_CONNECTION=@@COLLATION_CONNECTION */;
/*!50503 SET NAMES utf8mb4 */;
/*!40103 SET @OLD_TIME_ZONE=@@TIME_ZONE */;
/*!40103 SET TIME_ZONE='+00:00' */;
/*!40014 SET @OLD_UNIQUE_CHECKS=@@UNIQUE_CHECKS, UNIQUE_CHECKS=0 */;
/*!40014 SET @OLD_FOREIGN_KEY_CHECKS=@@FOREIGN_KEY_CHECKS, FOREIGN_KEY_CHECKS=0 */;
/*!40101 SET @OLD_SQL_MODE=@@SQL_MODE, SQL_MODE='NO_AUTO_VALUE_ON_ZERO' */;
/*!40111 SET @OLD_SQL_NOTES=@@SQL_NOTES, SQL_NOTES=0 */;

--
-- Current Database: `student`
--

CREATE DATABASE /*!32312 IF NOT EXISTS*/ `student` /*!40100 DEFAULT CHARACTER SET utf8mb4 COLLATE utf8mb4_0900_ai_ci */ /*!80016 DEFAULT ENCRYPTION='N' */;

USE `student`;

--
-- Table structure for table `CLASS`
--

DROP TABLE IF EXISTS `CLASS`;
/*!40101 SET @saved_cs_client     = @@character_set_client */;
/*!50503 SET character_set_client = utf8mb4 */;
CREATE TABLE `CLASS` (
  `USN` varchar(10) NOT NULL,
  `SSID` varchar(5) NOT NULL,
  PRIMARY KEY (`USN`,`SSID`),
  KEY `SSID` (`SSID`),
  CONSTRAINT `class_ibfk_1` FOREIGN KEY (`USN`) REFERENCES `STUDENT` (`USN`),
  CONSTRAINT `class_ibfk_2` FOREIGN KEY (`SSID`) REFERENCES `SEMSEC` (`SSID`)
) ENGINE=InnoDB DEFAULT CHARSET=utf8mb4 COLLATE=utf8mb4_0900_ai_ci;
/*!40101 SET character_set_client = @saved_cs_client */;

--
-- Dumping data for table `CLASS`
--

LOCK TABLES `CLASS` WRITE;
/*!40000 ALTER TABLE `CLASS` DISABLE KEYS */;
INSERT INTO `CLASS` VALUES ('4AD16CS045','CSE3A'),('4AD16CS088','CSE3B'),('4AD16CS122','CSE3C'),('4AD15CS011','CSE4A'),('4AD15CS029','CSE4A'),('4AD15CS045','CSE4B'),('4AD15CS091','CSE4C'),('4AD14CS010','CSE7A'),('4AD14CS025','CSE7A'),('4AD14CS032','CSE7A'),('4AD13CS020','CSE8A'),('4AD13CS062','CSE8A'),('4AD13CS066','CSE8B'),('4AD13CS091','CSE8C');
/*!40000 ALTER TABLE `CLASS` ENABLE KEYS */;
UNLOCK TABLES;

--
-- Table structure for table `IAMARKS`
--

DROP TABLE IF EXISTS `IAMARKS`;
/*!40101 SET @saved_cs_client     = @@character_set_client */;
/*!50503 SET character_set_client = utf8mb4 */;
CREATE TABLE `IAMARKS` (
  `USN` varchar(10) NOT NULL,
  `SUBCODE` varchar(8) NOT NULL,
  `SSID` varchar(5) NOT NULL,
  `TEST1` int DEFAULT NULL,
  `TEST2` int DEFAULT NULL,
  `TEST3` int DEFAULT NULL,
  `FINALIA` int DEFAULT NULL,
  PRIMARY KEY (`USN`,`SUBCODE`,`SSID`),
  KEY `SUBCODE` (`SUBCODE`),
  KEY `SSID` (`SSID`),
  CONSTRAINT `iamarks_ibfk_1` FOREIGN KEY (`USN`) REFERENCES `STUDENT` (`USN`),
  CONSTRAINT `iamarks_ibfk_2` FOREIGN KEY (`SUBCODE`) REFERENCES `SUBJECT` (`SUBCODE`),
  CONSTRAINT `iamarks_ibfk_3` FOREIGN KEY (`SSID`) REFERENCES `SEMSEC` (`SSID`)
) ENGINE=InnoDB DEFAULT CHARSET=utf8mb4 COLLATE=utf8mb4_0900_ai_ci;
/*!40101 SET character_set_client = @saved_cs_client */;

--
-- Dumping data for table `IAMARKS`
--

LOCK TABLES `IAMARKS` WRITE;
/*!40000 ALTER TABLE `IAMARKS` DISABLE KEYS */;
INSERT INTO `IAMARKS` VALUES ('4AD13CS091','10CS81','CSE8C',15,16,18,0),('4AD13CS091','10CS82','CSE8C',12,19,14,0),('4AD13CS091','10CS83','CSE8C',19,15,20,0),('4AD13CS091','10CS84','CSE8C',20,16,19,0),('4AD13CS091','10CS85','CSE8C',15,15,12,0);
/*!40000 ALTER TABLE `IAMARKS` ENABLE KEYS */;
UNLOCK TABLES;

--
-- Table structure for table `SEMSEC`
--

DROP TABLE IF EXISTS `SEMSEC`;
/*!40101 SET @saved_cs_client     = @@character_set_client */;
/*!50503 SET character_set_client = utf8mb4 */;
CREATE TABLE `SEMSEC` (
  `SSID` varchar(5) NOT NULL,
  `SEM` int DEFAULT NULL,
  `SEC` char(1) DEFAULT NULL,
  PRIMARY KEY (`SSID`)
) ENGINE=InnoDB DEFAULT CHARSET=utf8mb4 COLLATE=utf8mb4_0900_ai_ci;
/*!40101 SET character_set_client = @saved_cs_client */;

--
-- Dumping data for table `SEMSEC`
--

LOCK TABLES `SEMSEC` WRITE;
/*!40000 ALTER TABLE `SEMSEC` DISABLE KEYS */;
INSERT INTO `SEMSEC` VALUES ('CSE1A',1,'A'),('CSE1B',1,'B'),('CSE1C',1,'C'),('CSE2A',2,'A'),('CSE2B',2,'B'),('CSE2C',2,'C'),('CSE3A',3,'A'),('CSE3B',3,'B'),('CSE3C',3,'C'),('CSE4A',4,'A'),('CSE4B',4,'B'),('CSE4C',4,'C'),('CSE5A',5,'A'),('CSE5B',5,'B'),('CSE5C',5,'C'),('CSE6A',6,'A'),('CSE6B',6,'B'),('CSE6C',6,'C'),('CSE7A',7,'A'),('CSE7B',7,'B'),('CSE7C',7,'C'),('CSE8A',8,'A'),('CSE8B',8,'B'),('CSE8C',8,'C');
/*!40000 ALTER TABLE `SEMSEC` ENABLE KEYS */;
UNLOCK TABLES;

--
-- Table structure for table `STUDENT`
--

DROP TABLE IF EXISTS `STUDENT`;
/*!40101 SET @saved_cs_client     = @@character_set_client */;
/*!50503 SET character_set_client = utf8mb4 */;
CREATE TABLE `STUDENT` (
  `USN` varchar(10) NOT NULL,
  `SNAME` varchar(25) DEFAULT NULL,
  `ADDRESS` varchar(25) DEFAULT NULL,
  `PHONE` bigint DEFAULT NULL,
  `GENDER` char(1) DEFAULT NULL,
  PRIMARY KEY (`USN`)
) ENGINE=InnoDB DEFAULT CHARSET=utf8mb4 COLLATE=utf8mb4_0900_ai_ci;
/*!40101 SET character_set_client = @saved_cs_client */;

--
-- Dumping data for table `STUDENT`
--

LOCK TABLES `STUDENT` WRITE;
/*!40000 ALTER TABLE `STUDENT` DISABLE KEYS */;
INSERT INTO `STUDENT` VALUES ('4AD13CS020','AKSHAY','BELAGAVI',8877881122,'M'),('4AD13CS062','SANDHYA','BENGALURU',7722829912,'F'),('4AD13CS066','SUPRIYA','MANGALURU',8877881122,'F'),('4AD13CS091','TEESHA','BENGALURU',7712312312,'F'),('4AD14CS010','ABHAY','BENGALURU',9900211201,'M'),('4AD14CS025','ASMI','BENGALURU',7894737377,'F'),('4AD14CS032','BHASKAR','BENGALURU',9923211099,'M'),('4AD15CS011','AJAY','TUMKUR',9845091341,'M'),('4AD15CS029','CHITRA','DAVANGERE',7696772121,'F'),('4AD15CS045','JEEVA','BELLARY',9944850121,'M'),('4AD15CS091','SANTOSH','MANGALURU',8812332201,'M'),('4AD16CS045','ISMAIL','KABURGI',9900232201,'M'),('4AD16CS088','SAMEERA','SHIMOGA',9905542212,'F'),('4AD16CS122','VINAYAKA','CHIKAMAGALUR',8800880011,'M');
/*!40000 ALTER TABLE `STUDENT` ENABLE KEYS */;
UNLOCK TABLES;

--
-- Table structure for table `SUBJECT`
--

DROP TABLE IF EXISTS `SUBJECT`;
/*!40101 SET @saved_cs_client     = @@character_set_client */;
/*!50503 SET character_set_client = utf8mb4 */;
CREATE TABLE `SUBJECT` (
  `SUBCODE` varchar(10) NOT NULL,
  `TITLE` varchar(20) DEFAULT NULL,
  `SEM` int DEFAULT NULL,
  `CREDITS` int DEFAULT NULL,
  PRIMARY KEY (`SUBCODE`)
) ENGINE=InnoDB DEFAULT CHARSET=utf8mb4 COLLATE=utf8mb4_0900_ai_ci;
/*!40101 SET character_set_client = @saved_cs_client */;

--
-- Dumping data for table `SUBJECT`
--

LOCK TABLES `SUBJECT` WRITE;
/*!40000 ALTER TABLE `SUBJECT` DISABLE KEYS */;
INSERT INTO `SUBJECT` VALUES ('10CS71','OOAD',7,4),('10CS72','ECS',7,4),('10CS73','PTW',7,4),('10CS74','DWDM',7,4),('10CS75','JAVA',7,4),('10CS76','SAN',7,4),('10CS81','ACA',8,4),('10CS82','SSM',8,4),('10CS83','NM',8,4),('10CS84','CC',8,4),('10CS85','PW',8,4),('15CS31','M3',3,4),('15CS32','ADE',3,4),('15CS33','DSA',3,4),('15CS34','CO',3,4),('15CS35','USP',3,3),('15CS36','DMS',3,3),('15CS41','M4',4,4),('15CS42','SE',4,4),('15CS43','DAA',4,4),('15CS44','MPMC',4,4),('15CS45','OOC',4,3),('15CS46','DC',4,3),('15CS51','ME',5,4),('15CS52','CN',5,4),('15CS53','DBMS',5,4),('15CS54','ATC',5,4),('15CS55','JAVA',5,3),('15CS56','AI',5,3);
/*!40000 ALTER TABLE `SUBJECT` ENABLE KEYS */;
UNLOCK TABLES;
/*!40103 SET TIME_ZONE=@OLD_TIME_ZONE */;

/*!40101 SET SQL_MODE=@OLD_SQL_MODE */;
/*!40014 SET FOREIGN_KEY_CHECKS=@OLD_FOREIGN_KEY_CHECKS */;
/*!40014 SET UNIQUE_CHECKS=@OLD_UNIQUE_CHECKS */;
/*!40101 SET CHARACTER_SET_CLIENT=@OLD_CHARACTER_SET_CLIENT */;
/*!40101 SET CHARACTER_SET_RESULTS=@OLD_CHARACTER_SET_RESULTS */;
/*!40101 SET COLLATION_CONNECTION=@OLD_COLLATION_CONNECTION */;
/*!40111 SET SQL_NOTES=@OLD_SQL_NOTES */;

-- Dump completed on 2024-03-23 14:17:57
